order_id,actual_order_total,predicted_order_total,residual,abs_error
163,18000.0,1474180.0,-1456180.0,1456180.0
129,1791000.0,537213.3333333334,1253786.6666666665,1253786.6666666665
231,230000.0,1474180.0,-1244180.0,1244180.0
108,1891000.0,727780.0,1163220.0,1163220.0
251,160000.0,1242110.0,-1082110.0,1082110.0
225,1878000.0,860270.0,1017730.0,1017730.0
221,1624000.0,617030.0,1006970.0,1006970.0
192,869000.0,1859740.0,-990740.0,990740.0
149,38000.0,1013830.0,-975830.0,975830.0
12,1416000.0,644540.0,771460.0,771460.0
204,1373000.0,603270.0,769730.0,769730.0
206,58000.0,814580.0,-756580.0,756580.0
90,1430000.0,706590.0,723410.0,723410.0
162,1489000.0,789760.0,699240.0,699240.0
228,1426000.0,752420.0,673580.0,673580.0
52,87000.0,756650.0,-669650.0,669650.0
63,1081000.0,423660.0,657340.0,657340.0
78,21000.0,656993.3333333334,-635993.3333333334,635993.3333333334
151,1499000.0,879850.0,619150.0,619150.0
121,1097000.0,484440.0,612560.0,612560.0
196,374000.0,973980.0,-599980.0,599980.0
287,1714000.0,1124140.0,589860.0,589860.0
1,344000.0,925840.0,-581840.0,581840.0
106,165000.0,722220.0,-557220.0,557220.0
31,106000.0,652660.0,-546660.0,546660.0
47,969000.0,462410.0,506590.0,506590.0
96,167000.0,672350.0,-505350.0,505350.0
220,31000.0,503520.0,-472520.0,472520.0
69,274000.0,736330.0,-462330.0,462330.0
180,183000.0,635640.0,-452640.0,452640.0
259,1001000.0,549910.0,451090.0,451090.0
215,192000.0,629570.0,-437570.0,437570.0
257,1339000.0,901760.0,437240.0,437240.0
128,1226000.0,824610.0,401390.0,401390.0
232,1284000.0,915570.0,368430.0,368430.0
285,1163000.0,798940.0,364060.0,364060.0
233,1352000.0,997680.0,354320.0,354320.0
44,1208000.0,902570.0,305430.0,305430.0
207,936000.0,647370.0,288630.0,288630.0
77,474000.0,739730.0,-265730.0,265730.0
244,596000.0,850330.0,-254330.0,254330.0
144,381000.0,629493.3333333334,-248493.33333333337,248493.33333333337
235,1293000.0,1056030.0,236970.0,236970.0
297,380000.0,585820.0,-205820.0,205820.0
50,2088000.0,1896290.0,191710.0,191710.0
262,665000.0,848000.0,-183000.0,183000.0
71,934000.0,754770.6666666665,179229.3333333335,179229.3333333335
136,830000.0,998940.0,-168940.0,168940.0
197,1331000.0,1203360.0,127640.0,127640.0
26,726000.0,620650.0,105350.0,105350.0
263,665000.0,762690.0,-97690.0,97690.0
292,823000.0,727780.0,95220.0,95220.0
256,909000.0,998000.0,-89000.0,89000.0
105,528000.0,608730.0,-80730.0,80730.0
54,865000.0,798890.0,66110.0,66110.0
49,348000.0,402000.0,-54000.0,54000.0
103,1007000.0,954180.0,52820.0,52820.0
13,809000.0,762920.0,46080.0,46080.0
211,855000.0,855440.0,-440.0,440.0
